"ProductID","ProductName"
"1Year24x7NBDWarranty","PCSP Business Advantage 1 Year 24x7 NBD Warranty"
"1Year24x7x4Warranty","PCSP Business Advantage Plus - 1 Year 24x7x4 On-site Warranty"
"1Year8x5NBDWarranty","PCSP Business Advantage - 1 Year 8x5 NBD On-site Warranty"
"2Year24x7NBDWarranty","PCSP Business Advantage 2 Year 24x7 NBD Warranty"
"2Year24x7x4Warranty","PCSP Business Advantage Plus - 2 Year 24x7x4 On-site Warranty"
"2Year8x5NBDWarranty","PCSP Business Advantage - 2 Year 8x5 NBD On-site Warranty"
"3Year24x7NBDWarranty","PCSP Business Advantage 3 Year 24x7 NBD Warranty"
"3Year24x7x4Warranty","PCSP Business Advantage Plus - 3 Year 24x7x4 On-site Warranty"
"3Year8x5NBDWarranty","PCSP Business Advantage - 3 Year 8x5 NBD On-site Warranty"
"4Year24x7NBDWarranty","PCSP Business Advantage 4 Year 24x7 NBD Warranty"
"4Year24x7x4Warranty","PCSP Business Advantage Plus - 4 Year 24x7x4 On-site Warranty"
"4Year8x5NBDWarranty","PCSP Business Advantage - 4 Year 8x5 NBD On-site Warranty"
"5Year24x7NBDWarranty","PCSP Business Advantage 5 Year 24x7 NBD Warranty"
"5Year24x7x4Warranty","PCSP Business Advantage Plus - 5 Year 24x7x4 On-site Warranty"
"5Year8x5NBDWarranty","PCSP Business Advantage - 5 Year 8x5 NBD On-site Warranty"
